name,url,city,type,established,beverage_count
 12 Bones Brewing,https://www.ratebeer.com/brewers/12-bones-brewing/40107/,Arden,Brewpub,2019,   10
 1718 Brewing Ocracoke,https://www.ratebeer.com/brewers/1718-brewing-ocracoke/35300/,Ocracoke,Brewpub,2018,   34
 3rd Rock Brewing Company,https://www.ratebeer.com/brewers/3rd-rock-brewing-company/27344/,Trenton,Microbrewery,2016,   14
 638 Brewing Company,https://www.ratebeer.com/brewers/638-brewing-company/38962/,Winston-Salem,Client Brewer,2019,   4
 7 Clans Brewing,https://www.ratebeer.com/brewers/7-clans-brewing/35021/,Cherokee,Client Brewer,2018,   7
 All Sevens Brewing,https://www.ratebeer.com/brewers/all-sevens-brewing/36948/,Asheville,Microbrewery,2018,   12
 Altered State Brewing Company,https://www.ratebeer.com/brewers/altered-state-brewing-company/44848/,Raleigh,Microbrewery,2020,   7
 Ancillary* Fermentation,https://www.ratebeer.com/brewers/ancillary-fermentation/37974/,Raleigh,Commercial Brewery,2018,   18
 Andrews Brewing Company,https://www.ratebeer.com/brewers/andrews-brewing-company/18735/,Andrews,Microbrewery,2014,   24
 Angry Troll Brewing,https://www.ratebeer.com/brewers/angry-troll-brewing/30127/,Elkin,Microbrewery,2017,   17
 Appalachian Grail Brewing Company,https://www.ratebeer.com/brewers/appalachian-grail-brewing-company/48590/,Hayesville,Microbrewery,2022,   7
 Appalachian Mountain Brewery (Craft Brew Alliance - AB InBev),https://www.ratebeer.com/brewers/appalachian-mountain-brewery-craft-brew-alliance-ab-inbev/16180/,Boone,Microbrewery,2013,   148
 Archetype Brewing,https://www.ratebeer.com/brewers/archetype-brewing/32342/,Asheville,Microbrewery,2017,   45
 Armored Cow Brewing,https://www.ratebeer.com/brewers/armored-cow-brewing/42461/,Charlotte,Microbrewery,2020,   12
 Asheville Brewing Company,https://www.ratebeer.com/brewers/asheville-brewing-company/3470/,Asheville,Brewpub,2003,   102
 Ass Clown Brewing Company,https://www.ratebeer.com/brewers/ass-clown-brewing-company/13421/,Cornelius,Microbrewery,2011,   173
 Aviator Brewing Company,https://www.ratebeer.com/brewers/aviator-brewing-company/10050/,Fuquay Varina,Microbrewery,2008,   67
 Balsam Falls Brewing Company,https://www.ratebeer.com/brewers/balsam-falls-brewing-company/35306/,Sylva,Microbrewery,2018,   37
 Bark Brewing Company,https://www.ratebeer.com/brewers/bark-brewing-company/37807/,Greensboro,Brewpub,2018,   1
 BDD Brewing Company,https://www.ratebeer.com/brewers/bdd-brewing-company/37980/,Rocky Mount,Microbrewery,2018,   9
 Bear Creek Brews,https://www.ratebeer.com/brewers/bear-creek-brews/14323/,Bear Creek,Microbrewery,2012,   9
 Bearded Barrel Brewery,https://www.ratebeer.com/brewers/bearded-barrel-brewery/42472/,,Microbrewery,2020,   2
 Bearded Bee Brewing Co,https://www.ratebeer.com/brewers/bearded-bee-brewing-co/44387/,Wendell,Microbrewery,2020,   5
 BearWaters Brewing Company,https://www.ratebeer.com/brewers/bearwaters-brewing-company/14490/,Canton,Microbrewery,2012,   48
 Beech Mountain Brewing Company,https://www.ratebeer.com/brewers/beech-mountain-brewing-company/18796/,Beech Mountain,Microbrewery,2014,   15
 Beer Army Combat Brewery,https://www.ratebeer.com/brewers/beer-army-combat-brewery/16767/,Trenton,Microbrewery,2012,   12
 Bhramari Brewing Co.,https://www.ratebeer.com/brewers/bhramari-brewing-co/25747/,Asheville,Brewpub,2016,   228
 Big Boss Brewing Company,https://www.ratebeer.com/brewers/big-boss-brewing-company/4222/,Raleigh,Brewpub/Brewery,2003,   96
 Big Game Brewing,https://www.ratebeer.com/brewers/big-game-brewing/39665/,Trenton,Microbrewery,2019,   3
 Bill's Front Porch Pub and Brewery,https://www.ratebeer.com/brewers/bills-front-porch-pub-and-brewery/28942/,Wilmington ,Brewpub/Brewery,2016,   37
 Biltmore Brewing Company,https://www.ratebeer.com/brewers/biltmore-brewing-company/11684/,Asheville,Client Brewer,2010,   4
 Birdsong Brewing Company,https://www.ratebeer.com/brewers/birdsong-brewing-company/13469/,Charlotte,Microbrewery,2011,   86
 Black Creek Brewery (US),https://www.ratebeer.com/brewers/black-creek-brewery-us/35307/,Roxboro,Microbrewery,2018,   31
 Black Mountain Brewing,https://www.ratebeer.com/brewers/black-mountain-brewing/37981/,Black Mountain,Microbrewery,2018,   16
 Blowing Rock Brewing Company,https://www.ratebeer.com/brewers/blowing-rock-brewing-company/11031/,Blowing Rock,Brewpub/Brewery,2009,   46
 Blue Blaze Brewing,https://www.ratebeer.com/brewers/blue-blaze-brewing/20413/,Charlotte,Microbrewery,2014,   21
 Blue Ghost Brewing Company,https://www.ratebeer.com/brewers/blue-ghost-brewing-company/31103/,Fletcher,Microbrewery,2016,   28
 Blue Mountain Pizza and Brew Pub (NC),https://www.ratebeer.com/brewers/blue-mountain-pizza-and-brew-pub-nc/22645/,Weaverville,Brewpub/Brewery,2015,   34
 Bombshell Beer Company,https://www.ratebeer.com/brewers/bombshell-beer-company/17169/,Holly Springs,Microbrewery,2013,   91
 Bond Brothers Beer Company,https://www.ratebeer.com/brewers/bond-brothers-beer-company/26284/,Cary,Microbrewery,2016,   143
 Boojum Brewing Company,https://www.ratebeer.com/brewers/boojum-brewing-company/22990/,Waynesville,Microbrewery,2015,   44
 Boondocks Brewing,https://www.ratebeer.com/brewers/boondocks-brewing/18320/,West Jefferson,Brewpub/Brewery,2013,   27
 Booneshine Brewing Company,https://www.ratebeer.com/brewers/booneshine-brewing-company/27395/,Boone,Brewpub,2016,   41
 BottleTree Beer Company,https://www.ratebeer.com/brewers/bottletree-beer-company/11804/,Tryon,Client Brewer,2010,   2
 Brevard Brewing Company,https://www.ratebeer.com/brewers/brevard-brewing-company/14736/,Brevard ,Microbrewery,2012,   17
 Brewery 99,https://www.ratebeer.com/brewers/brewery-99/37982/,New Bern,Microbrewery,2018,   6
 Brewery Bhavana,https://www.ratebeer.com/brewers/brewery-bhavana/31311/,Raleigh ,Brewpub/Brewery,2017,   79
 Brick Tree Brewing Co.,https://www.ratebeer.com/brewers/brick-tree-brewing-co/47420/,Lincolnton,Microbrewery,2021,   1
 Bright Light Brewing Company,https://www.ratebeer.com/brewers/bright-light-brewing-company/34280/,Fayetteville,Microbrewery,2018,   10
 Bright Penny Brewing,https://www.ratebeer.com/brewers/bright-penny-brewing/40354/,Mebane,Brewpub/Brewery,2019,   5
 Broomtail Craft Brews,https://www.ratebeer.com/brewers/broomtail-craft-brews/19710/,Wilmington,Microbrewery,2014,   28
 Brouwerij Cursus Keme,https://www.ratebeer.com/brewers/brouwerij-cursus-keme/37983/,Asheville,Microbrewery,2018,   21
 Brown Truck Brewery,https://www.ratebeer.com/brewers/brown-truck-brewery/26037/,High Point,Brewpub/Brewery,2016,   88
 Brüeprint Brewing Company,https://www.ratebeer.com/brewers/brueprint-brewing-company/19383/,Apex,Microbrewery,2014,   32
 BrÜtopia Brewing Company,https://www.ratebeer.com/brewers/brutopia-brewing-company/37985/,New Bern,Microbrewery,2018,   4
 Bull City Burger and Brewery,https://www.ratebeer.com/brewers/bull-city-burger-and-brewery/12802/, Durham,Brewpub/Brewery,2011,   70
 Bull Durham Beer Company,https://www.ratebeer.com/brewers/bull-durham-beer-company/22859/,Durham,Microbrewery,2015,   7
 Burial Beer Company,https://www.ratebeer.com/brewers/burial-beer-company/16816/,Asheville,Microbrewery,2013,   725
 Burlington Beer Works,https://www.ratebeer.com/brewers/burlington-beer-works/39705/,Burlington,Brewpub,2019,   6
 Burlington Brew Works,https://www.ratebeer.com/brewers/burlington-brew-works/39695/,Burlington ,Brewpub/Brewery,2019,   6
 Burning Blush Brewery,https://www.ratebeer.com/brewers/burning-blush-brewery/47912/,Mills River,Brewpub/Brewery,2019,   35
 Button Down Brewing Company,https://www.ratebeer.com/brewers/button-down-brewing-company/46807/,Raleigh,Contract Brewer,2021,   1
 Buzzed Viking Brewing Co. & Meadery,https://www.ratebeer.com/brewers/buzzed-viking-brewing-co-meadery/49914/,Concord,Brewpub,2022,   11
 Cabarrus Brewing Company,https://www.ratebeer.com/brewers/cabarrus-brewing-company/27495/,Concord,Microbrewery,2016,   26
 Camelback Brewing Company,https://www.ratebeer.com/brewers/camelback-brewing-company/37986/,Sanford,Microbrewery,2018,   18
 Carolina Brewery,https://www.ratebeer.com/brewers/carolina-brewery/3257/,Chapel Hill,Brewpub/Brewery,2003,   43
 Carolina Brewing Company,https://www.ratebeer.com/brewers/carolina-brewing-company/569/,Holly Springs,Microbrewery,1999,   54
 Casita Brewing Company,https://www.ratebeer.com/brewers/casita-brewing-company/25321/,Wilson,Microbrewery,2015,   147
 Catawba Brewing Company,https://www.ratebeer.com/brewers/catawba-brewing-company/2883/,Morganton,Microbrewery,1999,   228
 Cavendish Brewing Company,https://www.ratebeer.com/brewers/cavendish-brewing-company/31054/,Gastonia,Brewpub/Brewery,2017,   23
 Cellarest Beer Project,https://www.ratebeer.com/brewers/cellarest-beer-project/45274/,Asheville,Microbrewery,2021,   23
 Clouds Brewing,https://www.ratebeer.com/brewers/clouds-brewing/27068/,Raleigh,Brewpub,2016,   26
 Commoners Brewing Company,https://www.ratebeer.com/brewers/commoners-brewing-company/35263/,Concord,Microbrewery,2018,   38
 Compass Rose Brewery,https://www.ratebeer.com/brewers/compass-rose-brewery/24455/,Raleigh,Microbrewery,2015,   45
 Craftboro Brewing Depot,https://www.ratebeer.com/brewers/craftboro-brewing-depot/43973/,Carrboro,Microbrewery,2020,   6
 Crank Arm Brewing,https://www.ratebeer.com/brewers/crank-arm-brewing/17319/,Raleigh ,Brewpub/Brewery,2013,   89
 Crystal Coast Brewing Company,https://www.ratebeer.com/brewers/crystal-coast-brewing-company/32292/,Atlantic Beach,Microbrewery,2017,   65
 Currahee Brewing Company,https://www.ratebeer.com/brewers/currahee-brewing-company/28083/,Franklin,Microbrewery,2016,   54
 D9 Brewing Company,https://www.ratebeer.com/brewers/d9-brewing-company/18422/,Cornelius,Microbrewery,2013,   123
 Deep River Brewing Co.,https://www.ratebeer.com/brewers/deep-river-brewing-co/16571/,Clayton,Microbrewery,2013,   62
 Devil's Logic Brewing,https://www.ratebeer.com/brewers/devil39s-logic-brewing/42244/,Charlotte,Brewpub/Brewery,2020,   20
 Dingo Dog Brewing Company,https://www.ratebeer.com/brewers/dingo-dog-brewing-company/37988/,Carrboro,Microbrewery,2018,   29
 Dirtbag Ales,https://www.ratebeer.com/brewers/dirtbag-ales/21167/,Hope Mills,Microbrewery,2014,   19
 Divine Barrel Brewing,https://www.ratebeer.com/brewers/divine-barrel-brewing/34883/,Charlotte,Microbrewery,2018,   100
 Double Barley Brewing,https://www.ratebeer.com/brewers/double-barley-brewing/18139/,Smithfield,Microbrewery,2013,   29
 Dry Falls Brewing Co.,https://www.ratebeer.com/brewers/dry-falls-brewing-co/37989/,Hendersonville,Microbrewery,2018,   13
 DSSOLVR,https://www.ratebeer.com/brewers/dssolvr/41263/,Asheville,Microbrewery,2019,   151
 Durty Bull Brewing Company,https://www.ratebeer.com/brewers/durty-bull-brewing-company/28728/,Durham,Microbrewery,2016,   64
 Ecusta Brewing Company,https://www.ratebeer.com/brewers/ecusta-brewing-company/31989/,Pisgah Forest,Microbrewery,2017,   42
 Edward Teach Beer Co.,https://www.ratebeer.com/brewers/edward-teach-beer-co/37990/,Wilmington,Microbrewery,2018,   18
 Eleven Lakes Brewing Company,https://www.ratebeer.com/brewers/eleven-lakes-brewing-company/31246/,Cornelius,Microbrewery,2017,   29
 Eluvium Brewing Co.,https://www.ratebeer.com/brewers/eluvium-brewing-co/35036/,Weaverville,Microbrewery,2018,   20
 Eurisko Beer Company,https://www.ratebeer.com/brewers/eurisko-beer-company/34932/,Asheville,Microbrewery,2018,   59
 Fainting Goat Brewery,https://www.ratebeer.com/brewers/fainting-goat-brewery/28703/,Fuqua-Varina,Microbrewery,2016,   20
 Fiddlin' Fish Brewing Company,https://www.ratebeer.com/brewers/fiddlin-fish-brewing-company/32875/,Winston-Salem,Microbrewery,2017,   33
 Fishtowne Brew House,https://www.ratebeer.com/brewers/fishtowne-brew-house/37992/,Beaufort,Microbrewery,2018,   5
 Flying Machine Brewing Company,https://www.ratebeer.com/brewers/flying-machine-brewing-company/37993/,Wilmington,Microbrewery,2018,   52
 Flytrap Brewing,https://www.ratebeer.com/brewers/flytrap-brewing/21157/,Wilmington,Microbrewery,2014,   51
 Fonta Flora Brewery,https://www.ratebeer.com/brewers/fonta-flora-brewery/18711/,Morganton,Microbrewery,2014,   293
 Foothills Brewing,https://www.ratebeer.com/brewers/foothills-brewing/6033/,Winston-Salem,Brewpub/Brewery,2005,   152
 Forgotten Road Ales,https://www.ratebeer.com/brewers/forgotten-road-ales/40353/,Graham,Brewpub/Brewery,2019,   24
 Fortnight Brewing Company,https://www.ratebeer.com/brewers/fortnight-brewing-company/18773/,Cary,Brewpub/Brewery,2014,   45
 Four Saints Brewing Company,https://www.ratebeer.com/brewers/four-saints-brewing-company/17143/,Asheboro,Microbrewery,2013,   57
 Fourth Creek Brewing,https://www.ratebeer.com/brewers/fourth-creek-brewing/38648/,Statesville,Microbrewery,2019,   18
 Free Range Brewing,https://www.ratebeer.com/brewers/free-range-brewing/23600/,Charlotte,Microbrewery,2015,   93
 French Broad Brewing,https://www.ratebeer.com/brewers/french-broad-brewing/2879/,Asheville,Microbrewery,2002,   43
 Frog Level Brewing Company,https://www.ratebeer.com/brewers/frog-level-brewing-company/13723/,Waynesville,Microbrewery,2011,   26
 Front Street Brewery (NC),https://www.ratebeer.com/brewers/front-street-brewery-nc/3066/,Wilmington,Brewpub,1995,   85
 Fullsteam Brewery,https://www.ratebeer.com/brewers/fullsteam-brewery/10570/,Durham,Microbrewery,2009,   199
 Funguys Brewing,https://www.ratebeer.com/brewers/funguys-brewing/36558/,Raleigh,Microbrewery,2018,   28
 Ghost Harbor Brewing Company,https://www.ratebeer.com/brewers/ghost-harbor-brewing-company/35092/,Elizabeth City,Microbrewery,2018,   35
 Ghostface Brewing,https://www.ratebeer.com/brewers/ghostface-brewing/26935/,Mooresville,Brewpub/Brewery,2016,   75
 Gilde 1546,https://www.ratebeer.com/brewers/gilde-1546/42492/,Cornelius,Commercial Brewery,2020,   4
 Ginger's Revenge,https://www.ratebeer.com/brewers/ginger39s-revenge/31224/,Asheville ,Commercial Brewery,2017,   14
 Gizmo Brew Works,https://www.ratebeer.com/brewers/gizmo-brew-works/11991/,Raleigh,Microbrewery,2010,   107
 Good Hops Brewing,https://www.ratebeer.com/brewers/good-hops-brewing/20276/,Carolina Beach,Microbrewery,2014,   27
 Goofy Foot Taproom & Brewery,https://www.ratebeer.com/brewers/goofy-foot-taproom-brewery/38701/,High Point,Brewpub,2019,   9
 Goose And The Monkey Brewhouse,https://www.ratebeer.com/brewers/goose-and-the-monkey-brewhouse/42700/,Lexington,Microbrewery,2020,   41
 Granite Falls Brewing Company,https://www.ratebeer.com/brewers/granite-falls-brewing-company/19187/,Granite Falls,Brewpub/Brewery,2014,   48
 Green Man Brewery,https://www.ratebeer.com/brewers/green-man-brewery/4476/,Asheville,Microbrewery,2004,   189
 Guidon Brewing Company,https://www.ratebeer.com/brewers/guidon-brewing-company/49585/,Hendersonville,Commercial Brewery,2019,   6
 Gypsy Road Brewing Company,https://www.ratebeer.com/brewers/gypsy-road-brewing-company/39994/,Kernersville,Microbrewery,2019,   23
 Hatchet Brewing Company,https://www.ratebeer.com/brewers/hatchet-brewing-company/41848/,Southern Pines,Microbrewery,2019,   24
 Haw River Farmhouse Ales,https://www.ratebeer.com/brewers/haw-river-farmhouse-ales/18655/,Saxapahaw,Microbrewery,2014,   129
 Hayesville Brewing Company,https://www.ratebeer.com/brewers/hayesville-brewing-company/35301/,Hayesville,Brewpub,2018,   8
 Heckler Brewing Company,https://www.ratebeer.com/brewers/heckler-brewing-company/46829/,Fayetteville,Microbrewery,2021,   6
 Heist Brewery,https://www.ratebeer.com/brewers/heist-brewery/15791/,Charlotte,Brewpub/Brewery,2012,   247
 Hell on Horsecreek Brewing,https://www.ratebeer.com/brewers/hell-on-horsecreek-brewing/42307/,Madison,Brewpub/Brewery,2020,   15
 Heyday Brewing,https://www.ratebeer.com/brewers/heyday-brewing/47213/,Raleigh,Brewpub/Brewery,2021,   7
 Hi-Wire Brewing,https://www.ratebeer.com/brewers/hi-wire-brewing/16850/,Asheville,Microbrewery,2013,   328
 Hickory Nut Gorge Brewery,https://www.ratebeer.com/brewers/hickory-nut-gorge-brewery/28481/,Chimney Rock,Microbrewery,2016,   13
 High Branch Brewing Company,https://www.ratebeer.com/brewers/high-branch-brewing-company/25212/,Concord,Microbrewery,2015,   66
 Highland Brewing Company,https://www.ratebeer.com/brewers/highland-brewing-company/1264/,Asheville,Microbrewery,1994,   180
 Hillman Beer,https://www.ratebeer.com/brewers/hillman-beer/31098/,Asheville,Commercial Brewery,2017,   35
 Homeplace Beer Company,https://www.ratebeer.com/brewers/homeplace-beer-company/32825/,Burnsville,Microbrewery,2017,   18
 Hoots Beer Co.,https://www.ratebeer.com/brewers/hoots-beer-co/19119/,Winston-Salem,Microbrewery,2014,   38
 HopFly Brewing Company,https://www.ratebeer.com/brewers/hopfly-brewing-company/37157/,Rocky Mount,Commercial Brewery,2018,   82
 Hoppy Trout Brewing Company,https://www.ratebeer.com/brewers/hoppy-trout-brewing-company/25777/,Andrews,Brewpub,2016,   22
 Hoptown Brewing Company (NC),https://www.ratebeer.com/brewers/hoptown-brewing-company-nc/50424/,Mooresvile,Microbrewery,2022,   4
 Hugger Mugger Brewing Company,https://www.ratebeer.com/brewers/hugger-mugger-brewing-company/35064/,Sanford,Brewpub,2018,   28
 Huske Hardware House,https://www.ratebeer.com/brewers/huske-hardware-house/4647/,Fayetteville,Brewpub,2004,   36
 Incendiary Brewing,https://www.ratebeer.com/brewers/incendiary-brewing/37050/,Winston-Salem,Microbrewery,2018,   53
 Innovation Brewing,https://www.ratebeer.com/brewers/innovation-brewing/19953/,Sylva,Microbrewery,2014,   108
 Ironclad Brewery,https://www.ratebeer.com/brewers/ironclad-brewery/22969/,Wilmington,Microbrewery,2015,   36
 Jolly Roger Brew,https://www.ratebeer.com/brewers/jolly-roger-brew/37994/,Mooresville,Microbrewery,2018,   1
 Joymongers Brewing Company,https://www.ratebeer.com/brewers/joymongers-brewing-company/28108/,Greensboro,Brewpub/Brewery,2016,   65
 Kernersville Brewing Company,https://www.ratebeer.com/brewers/kernersville-brewing-company/26557/,Kernersville,Brewpub/Brewery,2016,   21
 Kettell Beerworks,https://www.ratebeer.com/brewers/kettell-beerworks/19320/,Banner Elk,Brewpub/Brewery,2014,   24
 Kettell Beerworks,https://www.ratebeer.com/brewers/kettell-beerworks/41459/,Banner Elk,Microbrewery,2019,   4
 Kind Beers,https://www.ratebeer.com/brewers/kind-beers/11059/,Charlotte,Client Brewer,2009,   6
 King Canary Brewing Company,https://www.ratebeer.com/brewers/king-canary-brewing-company/35391/,Mooresville,Microbrewery,2018,   25
 Koi Pond Brewing Company,https://www.ratebeer.com/brewers/koi-pond-brewing-company/27392/,Rocky Mount,Microbrewery,2016,   42
 Lake Gaston Brewing Company,https://www.ratebeer.com/brewers/lake-gaston-brewing-company/34279/,Fayetteville,Microbrewery,2018,   8
 Lazy Hiker Brewing Company,https://www.ratebeer.com/brewers/lazy-hiker-brewing-company/23372/,Franklin,Microbrewery,2015,   56
 Legion Brewing,https://www.ratebeer.com/brewers/legion-brewing/25918/,Charlotte,Brewpub,2016,   132
 Lenny Boy Brewing Company,https://www.ratebeer.com/brewers/lenny-boy-brewing-company/19711/,Charlotte,Microbrewery,2014,   100
 Lesser-Known Beer Co,https://www.ratebeer.com/brewers/lesser-known-beer-co/50978/,Winston-Salem,Microbrewery,2023,   3
 Liquid Roots Brewing Project,https://www.ratebeer.com/brewers/liquid-roots-brewing-project/45585/,Lenoir,Microbrewery,2021,   10
 Little Brother Brewing,https://www.ratebeer.com/brewers/little-brother-brewing/34190/,Greensboro,Brewpub/Brewery,2018,   30
 Little City Brewing & Provisions Company,https://www.ratebeer.com/brewers/little-city-brewing-provisions-company/30623/,Raleigh ,Brewpub,2017,   21
 Loe's Brewing Company,https://www.ratebeer.com/brewers/loe39s-brewing-company/36992/,Lenoir,Brewpub,2018,   1
 Lonerider Brewing Company,https://www.ratebeer.com/brewers/lonerider-brewing-company/10161/,Raleigh,Microbrewery,2009,   90
 Lookout Brewing Company,https://www.ratebeer.com/brewers/lookout-brewing-company/16777/,Black Mountain,Microbrewery,2013,   58
 Lost Colony Brewery and Café,https://www.ratebeer.com/brewers/lost-colony-brewery-and-cafe/15028/,Manteo,Brewpub/Brewery,2011,   19
 Lost Province Brewing,https://www.ratebeer.com/brewers/lost-province-brewing/21169/,Boone,Brewpub/Brewery,2014,   72
 Lost Worlds Brewing,https://www.ratebeer.com/brewers/lost-worlds-brewing/46757/,Cornelius,Microbrewery,2021,   4
 Lower Left Brewing Co.,https://www.ratebeer.com/brewers/lower-left-brewing-co/41471/,Charlotte,Microbrewery,2019,   21
 Lynnwood Grill & Brewing Concern,https://www.ratebeer.com/brewers/lynnwood-grill-brewing-concern/19642/,Raleigh,Brewpub/Brewery,2014,   41
 Mad Co. Brew House,https://www.ratebeer.com/brewers/mad-co-brew-house/38028/,Marshall,Microbrewery,2018,   6
 Mad Mole Brewing,https://www.ratebeer.com/brewers/mad-mole-brewing/37995/,Wilmington,Microbrewery,2018,   8
 Makai Brewing Company,https://www.ratebeer.com/brewers/makai-brewing-company/35399/,Ocean Isle Beach,Microbrewery,2018,   26
 Mica Town Brewing Company,https://www.ratebeer.com/brewers/mica-town-brewing-company/38024/,Marion,Microbrewery,2018,   9
 Middle James Brewing Company,https://www.ratebeer.com/brewers/middle-james-brewing-company/42460/,Pineville ,Brewpub,2020,   3
 Midnight Mulligan Brewing,https://www.ratebeer.com/brewers/midnight-mulligan-brewing/49912/,Charlotte,Brewpub,2022,   8
 Mill Whistle Brewing,https://www.ratebeer.com/brewers/mill-whistle-brewing/27394/,Beaufort,Microbrewery,2016,   16
 Mills River Brewing Co.,https://www.ratebeer.com/brewers/mills-river-brewing-co/25576/,Mills River,Brewpub,2015,   17
 Mordecai Beverage Company,https://www.ratebeer.com/brewers/mordecai-beverage-company/41490/,Raleigh ,Microbrewery,2019,   4
 Morgan Ridge Vineyards & Brewhouse,https://www.ratebeer.com/brewers/morgan-ridge-vineyards-brewhouse/28195/,Gold Hill,Brewpub/Brewery,2016,   40
 Mother Earth Brewing Company,https://www.ratebeer.com/brewers/mother-earth-brewing-company/10567/,Kinston,Microbrewery,2009,   43
 Mountain Layers Brewing Company,https://www.ratebeer.com/brewers/mountain-layers-brewing-company/31783/,Bryson City,Microbrewery,2017,   46
 Mythic Brewing,https://www.ratebeer.com/brewers/mythic-brewing/46525/,Rocky Mount,Microbrewery,2021,   6
 Nantahala Brewing Company,https://www.ratebeer.com/brewers/nantahala-brewing-company/10997/,Bryson City,Microbrewery,2009,   63
 Native American Brewing,https://www.ratebeer.com/brewers/native-american-brewing/47605/,Cherokee,Brewpub,2021,   4
 Natty Greene's Pub & Brewing Company,https://www.ratebeer.com/brewers/natty-greenes-pub-brewing-company/5302/,Greensboro,Brewpub/Brewery,2004,   182
 Nauti Dog Brewing Company,https://www.ratebeer.com/brewers/nauti-dog-brewing-company/46594/,Winterville,Microbrewery,2021,   11
 Neuse River Brewing,https://www.ratebeer.com/brewers/neuse-river-brewing/24456/,Raleigh,Microbrewery,2015,   26
 New Anthem Beer Project,https://www.ratebeer.com/brewers/new-anthem-beer-project/30750/,Wilmington,Microbrewery,2017,   141
 New Origin Brewing Company,https://www.ratebeer.com/brewers/new-origin-brewing-company/47820/,Asheville,Brewpub/Brewery,2021,   43
 New River Brewing,https://www.ratebeer.com/brewers/new-river-brewing/32641/,West Jefferson,Microbrewery,2017,   30
 New Sarum Brewing Company,https://www.ratebeer.com/brewers/new-sarum-brewing-company/26180/,Salisbury,Microbrewery,2016,   55
 Newgrass Brewing Company,https://www.ratebeer.com/brewers/newgrass-brewing-company/24129/,Shelby,Microbrewery,2015,   123
 Nickelpoint Brewing Company,https://www.ratebeer.com/brewers/nickelpoint-brewing-company/20745/,Raleigh,Microbrewery,2014,   24
 Noblebräu Brewing,https://www.ratebeer.com/brewers/noblebrau-brewing/44606/,Brevard,Microbrewery,2020,   5
 Nocturnal Brewing Company,https://www.ratebeer.com/brewers/nocturnal-brewing-company/38784/,Hayesville,Microbrewery,2019,   8
 NoDa Brewing Company,https://www.ratebeer.com/brewers/noda-brewing-company/13551/,Charlotte,Microbrewery,2011,   193
 Northern Outer Banks Brewing Company,https://www.ratebeer.com/brewers/northern-outer-banks-brewing-company/33944/,Corolla,Microbrewery,2017,   4
 Oak City Brewing Company,https://www.ratebeer.com/brewers/oak-city-brewing-company/38016/,Knightdale,Microbrewery,2018,   1
 Oaklyn Springs Brewery,https://www.ratebeer.com/brewers/oaklyn-springs-brewery/38023/,Fuquay Varina,Microbrewery,2018,   19
 Oden Brewing Co.,https://www.ratebeer.com/brewers/oden-brewing-co/41813/,Greensboro,Brewpub,2019,   5
 Oklawaha Brewing,https://www.ratebeer.com/brewers/oklawaha-brewing/47499/,Hendersonville ,Brewpub/Brewery,2021,   4
 Old North State Winery,https://www.ratebeer.com/brewers/old-north-state-winery/10875/,Mount Airy,Brewpub,2009,   2
 Olde Hickory Brewery,https://www.ratebeer.com/brewers/olde-hickory-brewery/571/,Hickory,Microbrewery,1996,   130
 Ole Dallas Brewery,https://www.ratebeer.com/brewers/ole-dallas-brewery/30557/,Dallas,Microbrewery,2017,   20
 One World Brewing,https://www.ratebeer.com/brewers/one-world-brewing/19770/,Asheville,Microbrewery,2014,   108
 Other Side of the Moon Brewery,https://www.ratebeer.com/brewers/other-side-of-the-moon-brewery/35616/,Clemmons,Brewpub/Brewery,2018,   16
 Outer Banks Brewing Station,https://www.ratebeer.com/brewers/outer-banks-brewing-station/1978/,Kill Devil Hills,Brewpub,2001,   156
 Outsider Brewing Company,https://www.ratebeer.com/brewers/outsider-brewing-company/50435/,Asheville,Brewpub/Brewery,2022,   1
 OysterHouse Brewing,https://www.ratebeer.com/brewers/oysterhouse-brewing/10305/,Asheville,Brewpub,2009,   46
 Percent Tap House,https://www.ratebeer.com/brewers/percent-tap-house/42468/,Harrisburg,Microbrewery,2020,   5
 Petty Thieves Brewing,https://www.ratebeer.com/brewers/petty-thieves-brewing/49545/,Charlotte,Microbrewery,2022,   5
 Pharr Mill Brewing,https://www.ratebeer.com/brewers/pharr-mill-brewing/42470/,Harrisburg,Microbrewery,2020,   1
 Pig Pounder Brewery,https://www.ratebeer.com/brewers/pig-pounder-brewery/19905/,Greensboro,Microbrewery,2014,   52
 Pilot Brewing,https://www.ratebeer.com/brewers/pilot-brewing/36856/,Charlotte,Microbrewery,2018,   39
 Pinehurst Brewing Company,https://www.ratebeer.com/brewers/pinehurst-brewing-company/38033/,Pinehurst,Microbrewery,2018,   21
 Pisgah Brewing Company,https://www.ratebeer.com/brewers/pisgah-brewing-company/6001/,Black Mountain,Microbrewery,2005,   95
 Pitt Street Brewing Company,https://www.ratebeer.com/brewers/pitt-street-brewing-company/35395/,Greenville,Microbrewery,2018,   36
 Ponysaurus Brewing Co.,https://www.ratebeer.com/brewers/ponysaurus-brewing-co/18238/,Durham,Microbrewery,2013,   43
 Primal Brewery,https://www.ratebeer.com/brewers/primal-brewery/21623/,Huntersville,Microbrewery,2014,   25
 Prolyfk Brewing Project,https://www.ratebeer.com/brewers/prolyfk-brewing-project/47604/,New Bern,Microbrewery,2021,   7
 Protagonist,https://www.ratebeer.com/brewers/protagonist/42471/,charlotte,Microbrewery,2020,   17
 Quick Trigger Brewing Company,https://www.ratebeer.com/brewers/quick-trigger-brewing-company/38030/,Ahoskie,Microbrewery,2018,   8
 R & R Brewing,https://www.ratebeer.com/brewers/r-r-brewing/38031/,Mt Olive,Commercial Brewery,2018,   8
 R&D,https://www.ratebeer.com/brewers/rd/39351/,Raleigh,Commercial Brewery,2019,   10
 Radar Brewing Company,https://www.ratebeer.com/brewers/radar-brewing-company/42242/,Winston-Salem,Brewpub/Brewery,2020,   17
 Railhouse Brewery,https://www.ratebeer.com/brewers/railhouse-brewery/14289/,Aberdeen,Microbrewery,2009,   14
 Raleigh Brewing Company,https://www.ratebeer.com/brewers/raleigh-brewing-company/16292/,Raleigh,Microbrewery,2013,   61
 Red Buffalo Brewing Co.,https://www.ratebeer.com/brewers/red-buffalo-brewing-co/38032/,Statesville,Microbrewery,2018,   5
 Red Hill Brewing Company,https://www.ratebeer.com/brewers/red-hill-brewing-company/30297/,Concord,Microbrewery,2017,   18
 Red Moose,https://www.ratebeer.com/brewers/red-moose/49778/,Pittsboro,Microbrewery,2022,   6
 Red Oak Brewery,https://www.ratebeer.com/brewers/red-oak-brewery/3190/,Whitsett,Microbrewery,2002,   13
 Regulator Brewing Company,https://www.ratebeer.com/brewers/regulator-brewing-company/28115/,Hillsborough,Microbrewery,2016,   18
 Resident Culture Brewing Company,https://www.ratebeer.com/brewers/resident-culture-brewing-company/32485/,Charlotte,Microbrewery,2017,   193
 Riverbend Malt House,https://www.ratebeer.com/brewers/riverbend-malt-house/14130/,Asheville,Client Brewer,2012,   1
 Riverside Rhapsody Beer Company,https://www.ratebeer.com/brewers/riverside-rhapsody-beer-company/43647/,Woodfin,Microbrewery,2019,   4
 Royal Bliss Brewing Co.,https://www.ratebeer.com/brewers/royal-bliss-brewing-co/45551/,Denver,Microbrewery,2021,   9
 Running Brewing Company,https://www.ratebeer.com/brewers/running-brewing-company/26987/,Raleigh,Microbrewery,2016,   1
 Salty Turtle Beer Company,https://www.ratebeer.com/brewers/salty-turtle-beer-company/38017/,Surf City,Microbrewery,2018,   22
 Salud Cerveceria,https://www.ratebeer.com/brewers/salud-cerveceria/27055/,Charlotte,Microbrewery,2016,   111
 Sanctuary Brewing Company,https://www.ratebeer.com/brewers/sanctuary-brewing-company/29972/,Hendersonville,Brewpub,2017,   38
 Sapphire Mountain Brewing Company,https://www.ratebeer.com/brewers/sapphire-mountain-brewing-company/10390/,Sapphire,Client Brewer,2009,   6
 Satulah Mountain Brewing Company,https://www.ratebeer.com/brewers/satulah-mountain-brewing-company/23415/,Highlands,Microbrewery,2015,   18
 Seaboard Brewery,https://www.ratebeer.com/brewers/seaboard-brewery/34481/,Matthews,Brewpub,2018,   15
 Sheppard Brewing Lab at North Carolina State University,https://www.ratebeer.com/brewers/sheppard-brewing-lab-at-north-carolina-state-university/38029/,Raleigh,Commercial Brewery,2018,   9
 Shortway Brewing Company,https://www.ratebeer.com/brewers/shortway-brewing-company/38027/,Newport,Microbrewery,2018,   14
 Sidetracked Brewery,https://www.ratebeer.com/brewers/sidetracked-brewery/36876/,Morganton,Microbrewery,2018,   19
 Sideways Farm & Brewery,https://www.ratebeer.com/brewers/sideways-farm-brewery/38026/,Etowah,Microbrewery,2018,   28
 Skull Camp Brewing,https://www.ratebeer.com/brewers/skull-camp-brewing/17876/,Mount Airy,Microbrewery,2013,   90
 Skytown Beer Company,https://www.ratebeer.com/brewers/skytown-beer-company/38021/,Wilmington,Microbrewery,2018,   10
 Slammin' Sam Beer Company,https://www.ratebeer.com/brewers/slammin-sam-beer-company/14804/,Pinehurst,Client Brewer,2012,   1
 Small Batch Beer Company,https://www.ratebeer.com/brewers/small-batch-beer-company/17620/,Winston-Salem,Brewpub/Brewery,2013,   129
 SouthEnd Brewing Co,https://www.ratebeer.com/brewers/southend-brewing-co/41627/,Greensboro,Microbrewery,2019,   24
 Southern Appalachian Brewery,https://www.ratebeer.com/brewers/southern-appalachian-brewery/5320/,Hendersonville,Microbrewery,2003,   26
 Southern Peak Brewery,https://www.ratebeer.com/brewers/southern-peak-brewery/27060/,Apex,Brewpub/Brewery,2016,   24
 Southern Pines Brewing Company,https://www.ratebeer.com/brewers/southern-pines-brewing-company/20316/,Southern Pines,Microbrewery,2014,   94
 Southern Range Brewing Company,https://www.ratebeer.com/brewers/southern-range-brewing-company/28639/,Monroe,Microbrewery,2016,   31
 Southern Strain,https://www.ratebeer.com/brewers/southern-strain/42462/,Concord,Brewpub,2020,   10
 Spaceway Brewery,https://www.ratebeer.com/brewers/spaceway-brewery/45515/,Rocky Mount,Microbrewery,2021,   2
 Starpoint Brewing,https://www.ratebeer.com/brewers/starpoint-brewing/15010/,Carrboro,Microbrewery,2012,   31
 Steel String Craft Brewery,https://www.ratebeer.com/brewers/steel-string-craft-brewery/16599/,Carrboro,Brewpub/Brewery,2013,   64
 Stryker Brewing Company,https://www.ratebeer.com/brewers/stryker-brewing-company/36264/,Charlotte,Contract Brewer,2018,   6
 Suffolk Punch Brewing,https://www.ratebeer.com/brewers/suffolk-punch-brewing/33083/,Charlotte,Brewpub/Brewery,2017,   63
 Sugar Creek Brewing Company,https://www.ratebeer.com/brewers/sugar-creek-brewing-company/20865/,Charlotte,Microbrewery,2014,   40
 Sunstead Brewing,https://www.ratebeer.com/brewers/sunstead-brewing/42467/,Charlotte,Microbrewery,2020,   1
 Sweet Union Brewing Company,https://www.ratebeer.com/brewers/sweet-union-brewing-company/31038/,Indian Trail,Microbrewery,2017,   44
 Sweeten Creek Brewing,https://www.ratebeer.com/brewers/sweeten-creek-brewing/25446/,Asheville ,Microbrewery,2015,   24
 Swells'a Brewing Company,https://www.ratebeer.com/brewers/swells39a-brewing-company/49353/,Kill Devil Hills,Microbrewery,2022,   18
 Sycamore Brewing,https://www.ratebeer.com/brewers/sycamore-brewing/21245/,Charlotte,Microbrewery,2014,   158
 Tarboro Brewing Company,https://www.ratebeer.com/brewers/tarboro-brewing-company/29946/,Tarboro,Microbrewery,2016,   16
 The DreamChaser's Brewery,https://www.ratebeer.com/brewers/the-dreamchasers-brewery/27496/,Waxhaw,Microbrewery,2016,   40
 The Duck-Rabbit Craft Brewery,https://www.ratebeer.com/brewers/the-duck-rabbit-craft-brewery/5175/,Farmville,Microbrewery,2004,   55
 The Glass Jug Beer Lab,https://www.ratebeer.com/brewers/the-glass-jug-beer-lab/36429/,Durham,Microbrewery,2018,   44
 The Levee Brewery & Pub,https://www.ratebeer.com/brewers/the-levee-brewery-pub/38025/,Valdese,Microbrewery,2018,   7
 The Mash House Restaurant & Brewery,https://www.ratebeer.com/brewers/the-mash-house-restaurant-brewery/635/,Fayetteville,Brewpub,2000,   39
 The Mason Jar Lager Company,https://www.ratebeer.com/brewers/the-mason-jar-lager-company/32882/,Fuquay Varina,Microbrewery,2017,   28
 The New Village Brewery & Taproom,https://www.ratebeer.com/brewers/the-new-village-brewery-taproom/38022/,Oriental,Microbrewery,2018,   3
 The Olde Mecklenburg Brewery,https://www.ratebeer.com/brewers/the-olde-mecklenburg-brewery/10182/,Charlotte,Microbrewery,2009,   33
 The Unknown Brewing Company,https://www.ratebeer.com/brewers/the-unknown-brewing-company/18424/,Charlotte,Microbrewery,2013,   59
 Thirsty Monk Brewery & Pub,https://www.ratebeer.com/brewers/thirsty-monk-brewery-pub/14160/,Asheville,Brewpub/Brewery,2012,   69
 Thirsty Skull Brewing,https://www.ratebeer.com/brewers/thirsty-skull-brewing/50309/,Siler City,Commercial Brewery,2022,   5
 Thirsty Souls Community Brewing,https://www.ratebeer.com/brewers/thirsty-souls-community-brewing/34362/,Mount Airy,Brewpub/Brewery,2018,   44
 Toasty Kettlyst,https://www.ratebeer.com/brewers/toasty-kettlyst/46526/,Gibsonville,Commercial Brewery,2021,   1
 Tobacco Road Sports Cafe,https://www.ratebeer.com/brewers/tobacco-road-sports-cafe/32136/,Raleigh,Brewpub,2017,   16
 Tobacco Wood Brewing Company,https://www.ratebeer.com/brewers/tobacco-wood-brewing-company/39693/,Oxford,Brewpub,2019,   7
 Top of the Hill Brewery,https://www.ratebeer.com/brewers/top-of-the-hill-brewery/3440/,Chapel Hill,Brewpub,2003,   39
 Town Brewing,https://www.ratebeer.com/brewers/town-brewing/37606/,Charlotte,Microbrewery,2018,   26
 Triangle Beer Company,https://www.ratebeer.com/brewers/triangle-beer-company/47562/,Cary,Brewpub,2021,   4
 Triple C Brewing Company,https://www.ratebeer.com/brewers/triple-c-brewing-company/15373/,Charlotte,Microbrewery,2012,   83
 Trollingwood Taproom and Brewery,https://www.ratebeer.com/brewers/trollingwood-taproom-and-brewery/28669/,Greenville,Microbrewery,2016,   31
 Trophy Brewing Company,https://www.ratebeer.com/brewers/trophy-brewing-company/16191/,Raleigh ,Brewpub,2013,   223
 Turgua Brewing,https://www.ratebeer.com/brewers/turgua-brewing/38020/,Fairview,Microbrewery,2018,   19
 Twenty-Six Acres Brewing Company,https://www.ratebeer.com/brewers/twenty-six-acres-brewing-company/29112/,Concord,Microbrewery,2016,   33
 Twin Leaf Brewery,https://www.ratebeer.com/brewers/twin-leaf-brewery/19018/,Asheville,Microbrewery,2014,   137
 TwoBoros Brewery,https://www.ratebeer.com/brewers/twoboros-brewery/43730/,Wilkesboro,Brewpub,2020,   7
 Upcountry Brewing,https://www.ratebeer.com/brewers/upcountry-brewing/29875/,Asheville,Brewpub/Brewery,2017,   50
 Uptown Brewing Company,https://www.ratebeer.com/brewers/uptown-brewing-company/36965/,Greenville,Microbrewery,2018,   10
 Valley River Brewery & Eatery,https://www.ratebeer.com/brewers/valley-river-brewery-eatery/30879/,Murphy,Brewpub,2017,   19
 Vaulted Oak Brewing,https://www.ratebeer.com/brewers/vaulted-oak-brewing/49360/,Charlotte ,Microbrewery,2022,   1
 Vecino Brewing Company,https://www.ratebeer.com/brewers/vecino-brewing-company/35279/,Carrboro,Microbrewery,2018,   18
 Vicious Fishes Brewery,https://www.ratebeer.com/brewers/vicious-fishes-brewery/30849/,Angier,Microbrewery,2017,   9
 Waterline Brewing Company,https://www.ratebeer.com/brewers/waterline-brewing-company/25312/,Wilmington,Microbrewery,2015,   17
 Waterman's Brewing,https://www.ratebeer.com/brewers/waterman39s-brewing/36402/,Wilmington,Microbrewery,2018,   13
 Wedge Brewing Company,https://www.ratebeer.com/brewers/wedge-brewing-company/9622/,Asheville,Microbrewery,2008,   64
 Weeping Radish Farm Brewery,https://www.ratebeer.com/brewers/weeping-radish-farm-brewery/381/,Grandy,Microbrewery,2000,   34
 Westbend Vineyards & Brewery,https://www.ratebeer.com/brewers/westbend-vineyards-brewery/17142/,Lewisville,Microbrewery,2013,   15
 Whaley Farm Brewery,https://www.ratebeer.com/brewers/whaley-farm-brewery/49957/,Old Fort,Brewpub/Brewery,2022,   10
 Whistle Hop Brewing Company,https://www.ratebeer.com/brewers/whistle-hop-brewing-company/38019/,Fairview,Microbrewery,2018,   39
 White Elephant Beer Company,https://www.ratebeer.com/brewers/white-elephant-beer-company/35235/,Mt Airy,Brewpub/Brewery,2018,   26
 White Labs Kitchen & Tap,https://www.ratebeer.com/brewers/white-labs-kitchen-tap/35452/,Asheville,Brewpub,2018,   13
 White Street Brewing Company,https://www.ratebeer.com/brewers/white-street-brewing-company/15333/,Wake Forest,Microbrewery,2012,   61
 Whiteside Brewing,https://www.ratebeer.com/brewers/whiteside-brewing/38018/,Cashiers,Microbrewery,2018,   16
 Wicked Weed Brewing (AB InBev),https://www.ratebeer.com/brewers/wicked-weed-brewing-ab-inbev/15842/,Asheville,Brewpub,2012,   528
 Wilmington Brewing Company,https://www.ratebeer.com/brewers/wilmington-brewing-company/22843/,Wilmington,Microbrewery,2015,   87
 Wise Man Brewing,https://www.ratebeer.com/brewers/wise-man-brewing/30121/,Winston-Salem,Microbrewery,2017,   103
 Wooden Robot Brewery,https://www.ratebeer.com/brewers/wooden-robot-brewery/23461/,Charlotte,Microbrewery,2015,   178
 Wrightsville Beach Brewery,https://www.ratebeer.com/brewers/wrightsville-beach-brewery/32717/,Wilmington,Brewpub/Brewery,2017,   18
 Wye Hill Kitchen & Brewing,https://www.ratebeer.com/brewers/wye-hill-kitchen-brewing/45160/,Raleigh,Brewpub/Brewery,2021,   18
 Yellow Sun Brewing Company,https://www.ratebeer.com/brewers/yellow-sun-brewing-company/31563/,Rutherfordton,Microbrewery,2017,   6
 Zebulon Artisan Ales,https://www.ratebeer.com/brewers/zebulon-artisan-ales/26278/,Weaverville,Microbrewery,2016,   109
 Zillicoah Beer Company,https://www.ratebeer.com/brewers/zillicoah-beer-company/35466/,Woodfin,Microbrewery,2018,   66
